execution_idx,application,case,version,classpath,package,stacktrace_path,fixed,fixed_version,buggy_frame,p_functional_mocking,functional_mocking_percent,p_reflection_on_private,reflection_start_percent,search_budget,population,p_object_pool,p_model_pool_target_init,p_model_pool_non_target_init,seed_clone,seed_mutations,test_dir,search_algorithm,objectives,secondary_objective
1,lang,LANG-12b,12b,becnhmark/applications/LANG-bins/LANG-12b,lang3,becnhmark/crashes/LANG/LANG-12b/LANG-12b.log,yes,12f,2,,,0,0,300,50,,,,,,JarFiles/GGA-tests/LANG-12b,Single_Objective_GGA,IntegrationSingleObjective,BasicBlockCoverage
2,lang,LANG-12b,12b,becnhmark/applications/LANG-bins/LANG-12b,lang3,becnhmark/crashes/LANG/LANG-12b/LANG-12b.log,yes,12f,2,,,0,0,300,50,,,,,,JarFiles/GGA-tests/LANG-12b,Single_Objective_GGA,IntegrationSingleObjective,BasicBlockCoverage
3,lang,LANG-12b,12b,becnhmark/applications/LANG-bins/LANG-12b,lang3,becnhmark/crashes/LANG/LANG-12b/LANG-12b.log,yes,12f,2,,,0,0,300,50,,,,,,JarFiles/GGA-tests/LANG-12b,Single_Objective_GGA,IntegrationSingleObjective,BasicBlockCoverage
4,lang,LANG-12b,12b,becnhmark/applications/LANG-bins/LANG-12b,lang3,becnhmark/crashes/LANG/LANG-12b/LANG-12b.log,yes,12f,2,,,0,0,300,50,,,,,,JarFiles/GGA-tests/LANG-12b,Single_Objective_GGA,IntegrationSingleObjective,BasicBlockCoverage
5,lang,LANG-12b,12b,becnhmark/applications/LANG-bins/LANG-12b,lang3,becnhmark/crashes/LANG/LANG-12b/LANG-12b.log,yes,12f,2,,,0,0,300,50,,,,,,JarFiles/GGA-tests/LANG-12b,Single_Objective_GGA,IntegrationSingleObjective,BasicBlockCoverage
6,lang,LANG-12b,12b,becnhmark/applications/LANG-bins/LANG-12b,lang3,becnhmark/crashes/LANG/LANG-12b/LANG-12b.log,yes,12f,2,,,0,0,300,50,,,,,,JarFiles/GGA-tests/LANG-12b,Single_Objective_GGA,IntegrationSingleObjective,BasicBlockCoverage
7,lang,LANG-12b,12b,becnhmark/applications/LANG-bins/LANG-12b,lang3,becnhmark/crashes/LANG/LANG-12b/LANG-12b.log,yes,12f,2,,,0,0,300,50,,,,,,JarFiles/GGA-tests/LANG-12b,Single_Objective_GGA,IntegrationSingleObjective,BasicBlockCoverage
8,lang,LANG-12b,12b,becnhmark/applications/LANG-bins/LANG-12b,lang3,becnhmark/crashes/LANG/LANG-12b/LANG-12b.log,yes,12f,2,,,0,0,300,50,,,,,,JarFiles/GGA-tests/LANG-12b,Single_Objective_GGA,IntegrationSingleObjective,BasicBlockCoverage
9,lang,LANG-12b,12b,becnhmark/applications/LANG-bins/LANG-12b,lang3,becnhmark/crashes/LANG/LANG-12b/LANG-12b.log,yes,12f,2,,,0,0,300,50,,,,,,JarFiles/GGA-tests/LANG-12b,Single_Objective_GGA,IntegrationSingleObjective,BasicBlockCoverage
10,lang,LANG-12b,12b,becnhmark/applications/LANG-bins/LANG-12b,lang3,becnhmark/crashes/LANG/LANG-12b/LANG-12b.log,yes,12f,2,,,0,0,300,50,,,,,,JarFiles/GGA-tests/LANG-12b,Single_Objective_GGA,IntegrationSingleObjective,BasicBlockCoverage
11,lang,LANG-12b,12b,becnhmark/applications/LANG-bins/LANG-12b,lang3,becnhmark/crashes/LANG/LANG-12b/LANG-12b.log,yes,12f,2,,,0,0,300,50,,,,,,JarFiles/GGA-tests/LANG-12b,Single_Objective_GGA,IntegrationSingleObjective,BasicBlockCoverage
12,lang,LANG-12b,12b,becnhmark/applications/LANG-bins/LANG-12b,lang3,becnhmark/crashes/LANG/LANG-12b/LANG-12b.log,yes,12f,2,,,0,0,300,50,,,,,,JarFiles/GGA-tests/LANG-12b,Single_Objective_GGA,IntegrationSingleObjective,BasicBlockCoverage
13,lang,LANG-12b,12b,becnhmark/applications/LANG-bins/LANG-12b,lang3,becnhmark/crashes/LANG/LANG-12b/LANG-12b.log,yes,12f,2,,,0,0,300,50,,,,,,JarFiles/GGA-tests/LANG-12b,Single_Objective_GGA,IntegrationSingleObjective,BasicBlockCoverage
14,lang,LANG-12b,12b,becnhmark/applications/LANG-bins/LANG-12b,lang3,becnhmark/crashes/LANG/LANG-12b/LANG-12b.log,yes,12f,2,,,0,0,300,50,,,,,,JarFiles/GGA-tests/LANG-12b,Single_Objective_GGA,IntegrationSingleObjective,BasicBlockCoverage
15,lang,LANG-12b,12b,becnhmark/applications/LANG-bins/LANG-12b,lang3,becnhmark/crashes/LANG/LANG-12b/LANG-12b.log,yes,12f,2,,,0,0,300,50,,,,,,JarFiles/GGA-tests/LANG-12b,Single_Objective_GGA,IntegrationSingleObjective,BasicBlockCoverage
16,lang,LANG-12b,12b,becnhmark/applications/LANG-bins/LANG-12b,lang3,becnhmark/crashes/LANG/LANG-12b/LANG-12b.log,yes,12f,2,,,0,0,300,50,,,,,,JarFiles/GGA-tests/LANG-12b,Single_Objective_GGA,IntegrationSingleObjective,BasicBlockCoverage
17,lang,LANG-12b,12b,becnhmark/applications/LANG-bins/LANG-12b,lang3,becnhmark/crashes/LANG/LANG-12b/LANG-12b.log,yes,12f,2,,,0,0,300,50,,,,,,JarFiles/GGA-tests/LANG-12b,Single_Objective_GGA,IntegrationSingleObjective,BasicBlockCoverage
18,lang,LANG-12b,12b,becnhmark/applications/LANG-bins/LANG-12b,lang3,becnhmark/crashes/LANG/LANG-12b/LANG-12b.log,yes,12f,2,,,0,0,300,50,,,,,,JarFiles/GGA-tests/LANG-12b,Single_Objective_GGA,IntegrationSingleObjective,BasicBlockCoverage
19,lang,LANG-12b,12b,becnhmark/applications/LANG-bins/LANG-12b,lang3,becnhmark/crashes/LANG/LANG-12b/LANG-12b.log,yes,12f,2,,,0,0,300,50,,,,,,JarFiles/GGA-tests/LANG-12b,Single_Objective_GGA,IntegrationSingleObjective,BasicBlockCoverage
20,lang,LANG-12b,12b,becnhmark/applications/LANG-bins/LANG-12b,lang3,becnhmark/crashes/LANG/LANG-12b/LANG-12b.log,yes,12f,2,,,0,0,300,50,,,,,,JarFiles/GGA-tests/LANG-12b,Single_Objective_GGA,IntegrationSingleObjective,BasicBlockCoverage
21,lang,LANG-12b,12b,becnhmark/applications/LANG-bins/LANG-12b,lang3,becnhmark/crashes/LANG/LANG-12b/LANG-12b.log,yes,12f,2,,,0,0,300,50,,,,,,JarFiles/GGA-tests/LANG-12b,Single_Objective_GGA,IntegrationSingleObjective,BasicBlockCoverage
22,lang,LANG-12b,12b,becnhmark/applications/LANG-bins/LANG-12b,lang3,becnhmark/crashes/LANG/LANG-12b/LANG-12b.log,yes,12f,2,,,0,0,300,50,,,,,,JarFiles/GGA-tests/LANG-12b,Single_Objective_GGA,IntegrationSingleObjective,BasicBlockCoverage
23,lang,LANG-12b,12b,becnhmark/applications/LANG-bins/LANG-12b,lang3,becnhmark/crashes/LANG/LANG-12b/LANG-12b.log,yes,12f,2,,,0,0,300,50,,,,,,JarFiles/GGA-tests/LANG-12b,Single_Objective_GGA,IntegrationSingleObjective,BasicBlockCoverage
24,lang,LANG-12b,12b,becnhmark/applications/LANG-bins/LANG-12b,lang3,becnhmark/crashes/LANG/LANG-12b/LANG-12b.log,yes,12f,2,,,0,0,300,50,,,,,,JarFiles/GGA-tests/LANG-12b,Single_Objective_GGA,IntegrationSingleObjective,BasicBlockCoverage
25,lang,LANG-12b,12b,becnhmark/applications/LANG-bins/LANG-12b,lang3,becnhmark/crashes/LANG/LANG-12b/LANG-12b.log,yes,12f,2,,,0,0,300,50,,,,,,JarFiles/GGA-tests/LANG-12b,Single_Objective_GGA,IntegrationSingleObjective,BasicBlockCoverage
26,lang,LANG-12b,12b,becnhmark/applications/LANG-bins/LANG-12b,lang3,becnhmark/crashes/LANG/LANG-12b/LANG-12b.log,yes,12f,2,,,0,0,300,50,,,,,,JarFiles/GGA-tests/LANG-12b,Single_Objective_GGA,IntegrationSingleObjective,BasicBlockCoverage
27,lang,LANG-12b,12b,becnhmark/applications/LANG-bins/LANG-12b,lang3,becnhmark/crashes/LANG/LANG-12b/LANG-12b.log,yes,12f,2,,,0,0,300,50,,,,,,JarFiles/GGA-tests/LANG-12b,Single_Objective_GGA,IntegrationSingleObjective,BasicBlockCoverage
28,lang,LANG-12b,12b,becnhmark/applications/LANG-bins/LANG-12b,lang3,becnhmark/crashes/LANG/LANG-12b/LANG-12b.log,yes,12f,2,,,0,0,300,50,,,,,,JarFiles/GGA-tests/LANG-12b,Single_Objective_GGA,IntegrationSingleObjective,BasicBlockCoverage
29,lang,LANG-12b,12b,becnhmark/applications/LANG-bins/LANG-12b,lang3,becnhmark/crashes/LANG/LANG-12b/LANG-12b.log,yes,12f,2,,,0,0,300,50,,,,,,JarFiles/GGA-tests/LANG-12b,Single_Objective_GGA,IntegrationSingleObjective,BasicBlockCoverage
30,lang,LANG-12b,12b,becnhmark/applications/LANG-bins/LANG-12b,lang3,becnhmark/crashes/LANG/LANG-12b/LANG-12b.log,yes,12f,2,,,0,0,300,50,,,,,,JarFiles/GGA-tests/LANG-12b,Single_Objective_GGA,IntegrationSingleObjective,BasicBlockCoverage
1,chart,CHART-4b,4b,becnhmark/applications/CHART-bins/CHART-4b,chart,becnhmark/crashes/CHART/CHART-4b/CHART-4b.log,yes,4f,6,,,0,0,300,50,,,,,,JarFiles/GGA-tests/CHART-4b,Single_Objective_GGA,IntegrationSingleObjective,BasicBlockCoverage
2,chart,CHART-4b,4b,becnhmark/applications/CHART-bins/CHART-4b,chart,becnhmark/crashes/CHART/CHART-4b/CHART-4b.log,yes,4f,6,,,0,0,300,50,,,,,,JarFiles/GGA-tests/CHART-4b,Single_Objective_GGA,IntegrationSingleObjective,BasicBlockCoverage
3,chart,CHART-4b,4b,becnhmark/applications/CHART-bins/CHART-4b,chart,becnhmark/crashes/CHART/CHART-4b/CHART-4b.log,yes,4f,6,,,0,0,300,50,,,,,,JarFiles/GGA-tests/CHART-4b,Single_Objective_GGA,IntegrationSingleObjective,BasicBlockCoverage
4,chart,CHART-4b,4b,becnhmark/applications/CHART-bins/CHART-4b,chart,becnhmark/crashes/CHART/CHART-4b/CHART-4b.log,yes,4f,6,,,0,0,300,50,,,,,,JarFiles/GGA-tests/CHART-4b,Single_Objective_GGA,IntegrationSingleObjective,BasicBlockCoverage
5,chart,CHART-4b,4b,becnhmark/applications/CHART-bins/CHART-4b,chart,becnhmark/crashes/CHART/CHART-4b/CHART-4b.log,yes,4f,6,,,0,0,300,50,,,,,,JarFiles/GGA-tests/CHART-4b,Single_Objective_GGA,IntegrationSingleObjective,BasicBlockCoverage
6,chart,CHART-4b,4b,becnhmark/applications/CHART-bins/CHART-4b,chart,becnhmark/crashes/CHART/CHART-4b/CHART-4b.log,yes,4f,6,,,0,0,300,50,,,,,,JarFiles/GGA-tests/CHART-4b,Single_Objective_GGA,IntegrationSingleObjective,BasicBlockCoverage
7,chart,CHART-4b,4b,becnhmark/applications/CHART-bins/CHART-4b,chart,becnhmark/crashes/CHART/CHART-4b/CHART-4b.log,yes,4f,6,,,0,0,300,50,,,,,,JarFiles/GGA-tests/CHART-4b,Single_Objective_GGA,IntegrationSingleObjective,BasicBlockCoverage
8,chart,CHART-4b,4b,becnhmark/applications/CHART-bins/CHART-4b,chart,becnhmark/crashes/CHART/CHART-4b/CHART-4b.log,yes,4f,6,,,0,0,300,50,,,,,,JarFiles/GGA-tests/CHART-4b,Single_Objective_GGA,IntegrationSingleObjective,BasicBlockCoverage
9,chart,CHART-4b,4b,becnhmark/applications/CHART-bins/CHART-4b,chart,becnhmark/crashes/CHART/CHART-4b/CHART-4b.log,yes,4f,6,,,0,0,300,50,,,,,,JarFiles/GGA-tests/CHART-4b,Single_Objective_GGA,IntegrationSingleObjective,BasicBlockCoverage
10,chart,CHART-4b,4b,becnhmark/applications/CHART-bins/CHART-4b,chart,becnhmark/crashes/CHART/CHART-4b/CHART-4b.log,yes,4f,6,,,0,0,300,50,,,,,,JarFiles/GGA-tests/CHART-4b,Single_Objective_GGA,IntegrationSingleObjective,BasicBlockCoverage
11,chart,CHART-4b,4b,becnhmark/applications/CHART-bins/CHART-4b,chart,becnhmark/crashes/CHART/CHART-4b/CHART-4b.log,yes,4f,6,,,0,0,300,50,,,,,,JarFiles/GGA-tests/CHART-4b,Single_Objective_GGA,IntegrationSingleObjective,BasicBlockCoverage
12,chart,CHART-4b,4b,becnhmark/applications/CHART-bins/CHART-4b,chart,becnhmark/crashes/CHART/CHART-4b/CHART-4b.log,yes,4f,6,,,0,0,300,50,,,,,,JarFiles/GGA-tests/CHART-4b,Single_Objective_GGA,IntegrationSingleObjective,BasicBlockCoverage
13,chart,CHART-4b,4b,becnhmark/applications/CHART-bins/CHART-4b,chart,becnhmark/crashes/CHART/CHART-4b/CHART-4b.log,yes,4f,6,,,0,0,300,50,,,,,,JarFiles/GGA-tests/CHART-4b,Single_Objective_GGA,IntegrationSingleObjective,BasicBlockCoverage
14,chart,CHART-4b,4b,becnhmark/applications/CHART-bins/CHART-4b,chart,becnhmark/crashes/CHART/CHART-4b/CHART-4b.log,yes,4f,6,,,0,0,300,50,,,,,,JarFiles/GGA-tests/CHART-4b,Single_Objective_GGA,IntegrationSingleObjective,BasicBlockCoverage
15,chart,CHART-4b,4b,becnhmark/applications/CHART-bins/CHART-4b,chart,becnhmark/crashes/CHART/CHART-4b/CHART-4b.log,yes,4f,6,,,0,0,300,50,,,,,,JarFiles/GGA-tests/CHART-4b,Single_Objective_GGA,IntegrationSingleObjective,BasicBlockCoverage
16,chart,CHART-4b,4b,becnhmark/applications/CHART-bins/CHART-4b,chart,becnhmark/crashes/CHART/CHART-4b/CHART-4b.log,yes,4f,6,,,0,0,300,50,,,,,,JarFiles/GGA-tests/CHART-4b,Single_Objective_GGA,IntegrationSingleObjective,BasicBlockCoverage
17,chart,CHART-4b,4b,becnhmark/applications/CHART-bins/CHART-4b,chart,becnhmark/crashes/CHART/CHART-4b/CHART-4b.log,yes,4f,6,,,0,0,300,50,,,,,,JarFiles/GGA-tests/CHART-4b,Single_Objective_GGA,IntegrationSingleObjective,BasicBlockCoverage
18,chart,CHART-4b,4b,becnhmark/applications/CHART-bins/CHART-4b,chart,becnhmark/crashes/CHART/CHART-4b/CHART-4b.log,yes,4f,6,,,0,0,300,50,,,,,,JarFiles/GGA-tests/CHART-4b,Single_Objective_GGA,IntegrationSingleObjective,BasicBlockCoverage
19,chart,CHART-4b,4b,becnhmark/applications/CHART-bins/CHART-4b,chart,becnhmark/crashes/CHART/CHART-4b/CHART-4b.log,yes,4f,6,,,0,0,300,50,,,,,,JarFiles/GGA-tests/CHART-4b,Single_Objective_GGA,IntegrationSingleObjective,BasicBlockCoverage
20,chart,CHART-4b,4b,becnhmark/applications/CHART-bins/CHART-4b,chart,becnhmark/crashes/CHART/CHART-4b/CHART-4b.log,yes,4f,6,,,0,0,300,50,,,,,,JarFiles/GGA-tests/CHART-4b,Single_Objective_GGA,IntegrationSingleObjective,BasicBlockCoverage
21,chart,CHART-4b,4b,becnhmark/applications/CHART-bins/CHART-4b,chart,becnhmark/crashes/CHART/CHART-4b/CHART-4b.log,yes,4f,6,,,0,0,300,50,,,,,,JarFiles/GGA-tests/CHART-4b,Single_Objective_GGA,IntegrationSingleObjective,BasicBlockCoverage
22,chart,CHART-4b,4b,becnhmark/applications/CHART-bins/CHART-4b,chart,becnhmark/crashes/CHART/CHART-4b/CHART-4b.log,yes,4f,6,,,0,0,300,50,,,,,,JarFiles/GGA-tests/CHART-4b,Single_Objective_GGA,IntegrationSingleObjective,BasicBlockCoverage
23,chart,CHART-4b,4b,becnhmark/applications/CHART-bins/CHART-4b,chart,becnhmark/crashes/CHART/CHART-4b/CHART-4b.log,yes,4f,6,,,0,0,300,50,,,,,,JarFiles/GGA-tests/CHART-4b,Single_Objective_GGA,IntegrationSingleObjective,BasicBlockCoverage
24,chart,CHART-4b,4b,becnhmark/applications/CHART-bins/CHART-4b,chart,becnhmark/crashes/CHART/CHART-4b/CHART-4b.log,yes,4f,6,,,0,0,300,50,,,,,,JarFiles/GGA-tests/CHART-4b,Single_Objective_GGA,IntegrationSingleObjective,BasicBlockCoverage
25,chart,CHART-4b,4b,becnhmark/applications/CHART-bins/CHART-4b,chart,becnhmark/crashes/CHART/CHART-4b/CHART-4b.log,yes,4f,6,,,0,0,300,50,,,,,,JarFiles/GGA-tests/CHART-4b,Single_Objective_GGA,IntegrationSingleObjective,BasicBlockCoverage
26,chart,CHART-4b,4b,becnhmark/applications/CHART-bins/CHART-4b,chart,becnhmark/crashes/CHART/CHART-4b/CHART-4b.log,yes,4f,6,,,0,0,300,50,,,,,,JarFiles/GGA-tests/CHART-4b,Single_Objective_GGA,IntegrationSingleObjective,BasicBlockCoverage
27,chart,CHART-4b,4b,becnhmark/applications/CHART-bins/CHART-4b,chart,becnhmark/crashes/CHART/CHART-4b/CHART-4b.log,yes,4f,6,,,0,0,300,50,,,,,,JarFiles/GGA-tests/CHART-4b,Single_Objective_GGA,IntegrationSingleObjective,BasicBlockCoverage
28,chart,CHART-4b,4b,becnhmark/applications/CHART-bins/CHART-4b,chart,becnhmark/crashes/CHART/CHART-4b/CHART-4b.log,yes,4f,6,,,0,0,300,50,,,,,,JarFiles/GGA-tests/CHART-4b,Single_Objective_GGA,IntegrationSingleObjective,BasicBlockCoverage
29,chart,CHART-4b,4b,becnhmark/applications/CHART-bins/CHART-4b,chart,becnhmark/crashes/CHART/CHART-4b/CHART-4b.log,yes,4f,6,,,0,0,300,50,,,,,,JarFiles/GGA-tests/CHART-4b,Single_Objective_GGA,IntegrationSingleObjective,BasicBlockCoverage
30,chart,CHART-4b,4b,becnhmark/applications/CHART-bins/CHART-4b,chart,becnhmark/crashes/CHART/CHART-4b/CHART-4b.log,yes,4f,6,,,0,0,300,50,,,,,,JarFiles/GGA-tests/CHART-4b,Single_Objective_GGA,IntegrationSingleObjective,BasicBlockCoverage
1,xwiki,XWIKI-13377,8.1-milestone-1,becnhmark/applications/XWIKI-bins/XWIKI-8.1-milestone-1,xwiki,becnhmark/crashes/XWIKI/XWIKI-13377/XWIKI-13377.log,yes,8.1-rc-1,5,,,0,0,300,50,,,,,,JarFiles/GGA-tests/XWIKI-13377,Single_Objective_GGA,IntegrationSingleObjective,BasicBlockCoverage
2,xwiki,XWIKI-13377,8.1-milestone-1,becnhmark/applications/XWIKI-bins/XWIKI-8.1-milestone-1,xwiki,becnhmark/crashes/XWIKI/XWIKI-13377/XWIKI-13377.log,yes,8.1-rc-1,5,,,0,0,300,50,,,,,,JarFiles/GGA-tests/XWIKI-13377,Single_Objective_GGA,IntegrationSingleObjective,BasicBlockCoverage
3,xwiki,XWIKI-13377,8.1-milestone-1,becnhmark/applications/XWIKI-bins/XWIKI-8.1-milestone-1,xwiki,becnhmark/crashes/XWIKI/XWIKI-13377/XWIKI-13377.log,yes,8.1-rc-1,5,,,0,0,300,50,,,,,,JarFiles/GGA-tests/XWIKI-13377,Single_Objective_GGA,IntegrationSingleObjective,BasicBlockCoverage
4,xwiki,XWIKI-13377,8.1-milestone-1,becnhmark/applications/XWIKI-bins/XWIKI-8.1-milestone-1,xwiki,becnhmark/crashes/XWIKI/XWIKI-13377/XWIKI-13377.log,yes,8.1-rc-1,5,,,0,0,300,50,,,,,,JarFiles/GGA-tests/XWIKI-13377,Single_Objective_GGA,IntegrationSingleObjective,BasicBlockCoverage
5,xwiki,XWIKI-13377,8.1-milestone-1,becnhmark/applications/XWIKI-bins/XWIKI-8.1-milestone-1,xwiki,becnhmark/crashes/XWIKI/XWIKI-13377/XWIKI-13377.log,yes,8.1-rc-1,5,,,0,0,300,50,,,,,,JarFiles/GGA-tests/XWIKI-13377,Single_Objective_GGA,IntegrationSingleObjective,BasicBlockCoverage
6,xwiki,XWIKI-13377,8.1-milestone-1,becnhmark/applications/XWIKI-bins/XWIKI-8.1-milestone-1,xwiki,becnhmark/crashes/XWIKI/XWIKI-13377/XWIKI-13377.log,yes,8.1-rc-1,5,,,0,0,300,50,,,,,,JarFiles/GGA-tests/XWIKI-13377,Single_Objective_GGA,IntegrationSingleObjective,BasicBlockCoverage
7,xwiki,XWIKI-13377,8.1-milestone-1,becnhmark/applications/XWIKI-bins/XWIKI-8.1-milestone-1,xwiki,becnhmark/crashes/XWIKI/XWIKI-13377/XWIKI-13377.log,yes,8.1-rc-1,5,,,0,0,300,50,,,,,,JarFiles/GGA-tests/XWIKI-13377,Single_Objective_GGA,IntegrationSingleObjective,BasicBlockCoverage
8,xwiki,XWIKI-13377,8.1-milestone-1,becnhmark/applications/XWIKI-bins/XWIKI-8.1-milestone-1,xwiki,becnhmark/crashes/XWIKI/XWIKI-13377/XWIKI-13377.log,yes,8.1-rc-1,5,,,0,0,300,50,,,,,,JarFiles/GGA-tests/XWIKI-13377,Single_Objective_GGA,IntegrationSingleObjective,BasicBlockCoverage
9,xwiki,XWIKI-13377,8.1-milestone-1,becnhmark/applications/XWIKI-bins/XWIKI-8.1-milestone-1,xwiki,becnhmark/crashes/XWIKI/XWIKI-13377/XWIKI-13377.log,yes,8.1-rc-1,5,,,0,0,300,50,,,,,,JarFiles/GGA-tests/XWIKI-13377,Single_Objective_GGA,IntegrationSingleObjective,BasicBlockCoverage
10,xwiki,XWIKI-13377,8.1-milestone-1,becnhmark/applications/XWIKI-bins/XWIKI-8.1-milestone-1,xwiki,becnhmark/crashes/XWIKI/XWIKI-13377/XWIKI-13377.log,yes,8.1-rc-1,5,,,0,0,300,50,,,,,,JarFiles/GGA-tests/XWIKI-13377,Single_Objective_GGA,IntegrationSingleObjective,BasicBlockCoverage
11,xwiki,XWIKI-13377,8.1-milestone-1,becnhmark/applications/XWIKI-bins/XWIKI-8.1-milestone-1,xwiki,becnhmark/crashes/XWIKI/XWIKI-13377/XWIKI-13377.log,yes,8.1-rc-1,5,,,0,0,300,50,,,,,,JarFiles/GGA-tests/XWIKI-13377,Single_Objective_GGA,IntegrationSingleObjective,BasicBlockCoverage
12,xwiki,XWIKI-13377,8.1-milestone-1,becnhmark/applications/XWIKI-bins/XWIKI-8.1-milestone-1,xwiki,becnhmark/crashes/XWIKI/XWIKI-13377/XWIKI-13377.log,yes,8.1-rc-1,5,,,0,0,300,50,,,,,,JarFiles/GGA-tests/XWIKI-13377,Single_Objective_GGA,IntegrationSingleObjective,BasicBlockCoverage
13,xwiki,XWIKI-13377,8.1-milestone-1,becnhmark/applications/XWIKI-bins/XWIKI-8.1-milestone-1,xwiki,becnhmark/crashes/XWIKI/XWIKI-13377/XWIKI-13377.log,yes,8.1-rc-1,5,,,0,0,300,50,,,,,,JarFiles/GGA-tests/XWIKI-13377,Single_Objective_GGA,IntegrationSingleObjective,BasicBlockCoverage
14,xwiki,XWIKI-13377,8.1-milestone-1,becnhmark/applications/XWIKI-bins/XWIKI-8.1-milestone-1,xwiki,becnhmark/crashes/XWIKI/XWIKI-13377/XWIKI-13377.log,yes,8.1-rc-1,5,,,0,0,300,50,,,,,,JarFiles/GGA-tests/XWIKI-13377,Single_Objective_GGA,IntegrationSingleObjective,BasicBlockCoverage
15,xwiki,XWIKI-13377,8.1-milestone-1,becnhmark/applications/XWIKI-bins/XWIKI-8.1-milestone-1,xwiki,becnhmark/crashes/XWIKI/XWIKI-13377/XWIKI-13377.log,yes,8.1-rc-1,5,,,0,0,300,50,,,,,,JarFiles/GGA-tests/XWIKI-13377,Single_Objective_GGA,IntegrationSingleObjective,BasicBlockCoverage
16,xwiki,XWIKI-13377,8.1-milestone-1,becnhmark/applications/XWIKI-bins/XWIKI-8.1-milestone-1,xwiki,becnhmark/crashes/XWIKI/XWIKI-13377/XWIKI-13377.log,yes,8.1-rc-1,5,,,0,0,300,50,,,,,,JarFiles/GGA-tests/XWIKI-13377,Single_Objective_GGA,IntegrationSingleObjective,BasicBlockCoverage
17,xwiki,XWIKI-13377,8.1-milestone-1,becnhmark/applications/XWIKI-bins/XWIKI-8.1-milestone-1,xwiki,becnhmark/crashes/XWIKI/XWIKI-13377/XWIKI-13377.log,yes,8.1-rc-1,5,,,0,0,300,50,,,,,,JarFiles/GGA-tests/XWIKI-13377,Single_Objective_GGA,IntegrationSingleObjective,BasicBlockCoverage
18,xwiki,XWIKI-13377,8.1-milestone-1,becnhmark/applications/XWIKI-bins/XWIKI-8.1-milestone-1,xwiki,becnhmark/crashes/XWIKI/XWIKI-13377/XWIKI-13377.log,yes,8.1-rc-1,5,,,0,0,300,50,,,,,,JarFiles/GGA-tests/XWIKI-13377,Single_Objective_GGA,IntegrationSingleObjective,BasicBlockCoverage
19,xwiki,XWIKI-13377,8.1-milestone-1,becnhmark/applications/XWIKI-bins/XWIKI-8.1-milestone-1,xwiki,becnhmark/crashes/XWIKI/XWIKI-13377/XWIKI-13377.log,yes,8.1-rc-1,5,,,0,0,300,50,,,,,,JarFiles/GGA-tests/XWIKI-13377,Single_Objective_GGA,IntegrationSingleObjective,BasicBlockCoverage
20,xwiki,XWIKI-13377,8.1-milestone-1,becnhmark/applications/XWIKI-bins/XWIKI-8.1-milestone-1,xwiki,becnhmark/crashes/XWIKI/XWIKI-13377/XWIKI-13377.log,yes,8.1-rc-1,5,,,0,0,300,50,,,,,,JarFiles/GGA-tests/XWIKI-13377,Single_Objective_GGA,IntegrationSingleObjective,BasicBlockCoverage
21,xwiki,XWIKI-13377,8.1-milestone-1,becnhmark/applications/XWIKI-bins/XWIKI-8.1-milestone-1,xwiki,becnhmark/crashes/XWIKI/XWIKI-13377/XWIKI-13377.log,yes,8.1-rc-1,5,,,0,0,300,50,,,,,,JarFiles/GGA-tests/XWIKI-13377,Single_Objective_GGA,IntegrationSingleObjective,BasicBlockCoverage
22,xwiki,XWIKI-13377,8.1-milestone-1,becnhmark/applications/XWIKI-bins/XWIKI-8.1-milestone-1,xwiki,becnhmark/crashes/XWIKI/XWIKI-13377/XWIKI-13377.log,yes,8.1-rc-1,5,,,0,0,300,50,,,,,,JarFiles/GGA-tests/XWIKI-13377,Single_Objective_GGA,IntegrationSingleObjective,BasicBlockCoverage
23,xwiki,XWIKI-13377,8.1-milestone-1,becnhmark/applications/XWIKI-bins/XWIKI-8.1-milestone-1,xwiki,becnhmark/crashes/XWIKI/XWIKI-13377/XWIKI-13377.log,yes,8.1-rc-1,5,,,0,0,300,50,,,,,,JarFiles/GGA-tests/XWIKI-13377,Single_Objective_GGA,IntegrationSingleObjective,BasicBlockCoverage
24,xwiki,XWIKI-13377,8.1-milestone-1,becnhmark/applications/XWIKI-bins/XWIKI-8.1-milestone-1,xwiki,becnhmark/crashes/XWIKI/XWIKI-13377/XWIKI-13377.log,yes,8.1-rc-1,5,,,0,0,300,50,,,,,,JarFiles/GGA-tests/XWIKI-13377,Single_Objective_GGA,IntegrationSingleObjective,BasicBlockCoverage
25,xwiki,XWIKI-13377,8.1-milestone-1,becnhmark/applications/XWIKI-bins/XWIKI-8.1-milestone-1,xwiki,becnhmark/crashes/XWIKI/XWIKI-13377/XWIKI-13377.log,yes,8.1-rc-1,5,,,0,0,300,50,,,,,,JarFiles/GGA-tests/XWIKI-13377,Single_Objective_GGA,IntegrationSingleObjective,BasicBlockCoverage
26,xwiki,XWIKI-13377,8.1-milestone-1,becnhmark/applications/XWIKI-bins/XWIKI-8.1-milestone-1,xwiki,becnhmark/crashes/XWIKI/XWIKI-13377/XWIKI-13377.log,yes,8.1-rc-1,5,,,0,0,300,50,,,,,,JarFiles/GGA-tests/XWIKI-13377,Single_Objective_GGA,IntegrationSingleObjective,BasicBlockCoverage
27,xwiki,XWIKI-13377,8.1-milestone-1,becnhmark/applications/XWIKI-bins/XWIKI-8.1-milestone-1,xwiki,becnhmark/crashes/XWIKI/XWIKI-13377/XWIKI-13377.log,yes,8.1-rc-1,5,,,0,0,300,50,,,,,,JarFiles/GGA-tests/XWIKI-13377,Single_Objective_GGA,IntegrationSingleObjective,BasicBlockCoverage
28,xwiki,XWIKI-13377,8.1-milestone-1,becnhmark/applications/XWIKI-bins/XWIKI-8.1-milestone-1,xwiki,becnhmark/crashes/XWIKI/XWIKI-13377/XWIKI-13377.log,yes,8.1-rc-1,5,,,0,0,300,50,,,,,,JarFiles/GGA-tests/XWIKI-13377,Single_Objective_GGA,IntegrationSingleObjective,BasicBlockCoverage
29,xwiki,XWIKI-13377,8.1-milestone-1,becnhmark/applications/XWIKI-bins/XWIKI-8.1-milestone-1,xwiki,becnhmark/crashes/XWIKI/XWIKI-13377/XWIKI-13377.log,yes,8.1-rc-1,5,,,0,0,300,50,,,,,,JarFiles/GGA-tests/XWIKI-13377,Single_Objective_GGA,IntegrationSingleObjective,BasicBlockCoverage
30,xwiki,XWIKI-13377,8.1-milestone-1,becnhmark/applications/XWIKI-bins/XWIKI-8.1-milestone-1,xwiki,becnhmark/crashes/XWIKI/XWIKI-13377/XWIKI-13377.log,yes,8.1-rc-1,5,,,0,0,300,50,,,,,,JarFiles/GGA-tests/XWIKI-13377,Single_Objective_GGA,IntegrationSingleObjective,BasicBlockCoverage
1,xwiki,XWIKI-13708,8.2.1,becnhmark/applications/XWIKI-bins/XWIKI-8.2.1,xwiki,becnhmark/crashes/XWIKI/XWIKI-13708/XWIKI-13708.log,yes,8.3-rc-1,1,,,0,0,300,50,,,,,,JarFiles/GGA-tests/XWIKI-13708,Single_Objective_GGA,IntegrationSingleObjective,BasicBlockCoverage
2,xwiki,XWIKI-13708,8.2.1,becnhmark/applications/XWIKI-bins/XWIKI-8.2.1,xwiki,becnhmark/crashes/XWIKI/XWIKI-13708/XWIKI-13708.log,yes,8.3-rc-1,1,,,0,0,300,50,,,,,,JarFiles/GGA-tests/XWIKI-13708,Single_Objective_GGA,IntegrationSingleObjective,BasicBlockCoverage
3,xwiki,XWIKI-13708,8.2.1,becnhmark/applications/XWIKI-bins/XWIKI-8.2.1,xwiki,becnhmark/crashes/XWIKI/XWIKI-13708/XWIKI-13708.log,yes,8.3-rc-1,1,,,0,0,300,50,,,,,,JarFiles/GGA-tests/XWIKI-13708,Single_Objective_GGA,IntegrationSingleObjective,BasicBlockCoverage
4,xwiki,XWIKI-13708,8.2.1,becnhmark/applications/XWIKI-bins/XWIKI-8.2.1,xwiki,becnhmark/crashes/XWIKI/XWIKI-13708/XWIKI-13708.log,yes,8.3-rc-1,1,,,0,0,300,50,,,,,,JarFiles/GGA-tests/XWIKI-13708,Single_Objective_GGA,IntegrationSingleObjective,BasicBlockCoverage
5,xwiki,XWIKI-13708,8.2.1,becnhmark/applications/XWIKI-bins/XWIKI-8.2.1,xwiki,becnhmark/crashes/XWIKI/XWIKI-13708/XWIKI-13708.log,yes,8.3-rc-1,1,,,0,0,300,50,,,,,,JarFiles/GGA-tests/XWIKI-13708,Single_Objective_GGA,IntegrationSingleObjective,BasicBlockCoverage
6,xwiki,XWIKI-13708,8.2.1,becnhmark/applications/XWIKI-bins/XWIKI-8.2.1,xwiki,becnhmark/crashes/XWIKI/XWIKI-13708/XWIKI-13708.log,yes,8.3-rc-1,1,,,0,0,300,50,,,,,,JarFiles/GGA-tests/XWIKI-13708,Single_Objective_GGA,IntegrationSingleObjective,BasicBlockCoverage
7,xwiki,XWIKI-13708,8.2.1,becnhmark/applications/XWIKI-bins/XWIKI-8.2.1,xwiki,becnhmark/crashes/XWIKI/XWIKI-13708/XWIKI-13708.log,yes,8.3-rc-1,1,,,0,0,300,50,,,,,,JarFiles/GGA-tests/XWIKI-13708,Single_Objective_GGA,IntegrationSingleObjective,BasicBlockCoverage
8,xwiki,XWIKI-13708,8.2.1,becnhmark/applications/XWIKI-bins/XWIKI-8.2.1,xwiki,becnhmark/crashes/XWIKI/XWIKI-13708/XWIKI-13708.log,yes,8.3-rc-1,1,,,0,0,300,50,,,,,,JarFiles/GGA-tests/XWIKI-13708,Single_Objective_GGA,IntegrationSingleObjective,BasicBlockCoverage
9,xwiki,XWIKI-13708,8.2.1,becnhmark/applications/XWIKI-bins/XWIKI-8.2.1,xwiki,becnhmark/crashes/XWIKI/XWIKI-13708/XWIKI-13708.log,yes,8.3-rc-1,1,,,0,0,300,50,,,,,,JarFiles/GGA-tests/XWIKI-13708,Single_Objective_GGA,IntegrationSingleObjective,BasicBlockCoverage
10,xwiki,XWIKI-13708,8.2.1,becnhmark/applications/XWIKI-bins/XWIKI-8.2.1,xwiki,becnhmark/crashes/XWIKI/XWIKI-13708/XWIKI-13708.log,yes,8.3-rc-1,1,,,0,0,300,50,,,,,,JarFiles/GGA-tests/XWIKI-13708,Single_Objective_GGA,IntegrationSingleObjective,BasicBlockCoverage
11,xwiki,XWIKI-13708,8.2.1,becnhmark/applications/XWIKI-bins/XWIKI-8.2.1,xwiki,becnhmark/crashes/XWIKI/XWIKI-13708/XWIKI-13708.log,yes,8.3-rc-1,1,,,0,0,300,50,,,,,,JarFiles/GGA-tests/XWIKI-13708,Single_Objective_GGA,IntegrationSingleObjective,BasicBlockCoverage
12,xwiki,XWIKI-13708,8.2.1,becnhmark/applications/XWIKI-bins/XWIKI-8.2.1,xwiki,becnhmark/crashes/XWIKI/XWIKI-13708/XWIKI-13708.log,yes,8.3-rc-1,1,,,0,0,300,50,,,,,,JarFiles/GGA-tests/XWIKI-13708,Single_Objective_GGA,IntegrationSingleObjective,BasicBlockCoverage
13,xwiki,XWIKI-13708,8.2.1,becnhmark/applications/XWIKI-bins/XWIKI-8.2.1,xwiki,becnhmark/crashes/XWIKI/XWIKI-13708/XWIKI-13708.log,yes,8.3-rc-1,1,,,0,0,300,50,,,,,,JarFiles/GGA-tests/XWIKI-13708,Single_Objective_GGA,IntegrationSingleObjective,BasicBlockCoverage
14,xwiki,XWIKI-13708,8.2.1,becnhmark/applications/XWIKI-bins/XWIKI-8.2.1,xwiki,becnhmark/crashes/XWIKI/XWIKI-13708/XWIKI-13708.log,yes,8.3-rc-1,1,,,0,0,300,50,,,,,,JarFiles/GGA-tests/XWIKI-13708,Single_Objective_GGA,IntegrationSingleObjective,BasicBlockCoverage
15,xwiki,XWIKI-13708,8.2.1,becnhmark/applications/XWIKI-bins/XWIKI-8.2.1,xwiki,becnhmark/crashes/XWIKI/XWIKI-13708/XWIKI-13708.log,yes,8.3-rc-1,1,,,0,0,300,50,,,,,,JarFiles/GGA-tests/XWIKI-13708,Single_Objective_GGA,IntegrationSingleObjective,BasicBlockCoverage
16,xwiki,XWIKI-13708,8.2.1,becnhmark/applications/XWIKI-bins/XWIKI-8.2.1,xwiki,becnhmark/crashes/XWIKI/XWIKI-13708/XWIKI-13708.log,yes,8.3-rc-1,1,,,0,0,300,50,,,,,,JarFiles/GGA-tests/XWIKI-13708,Single_Objective_GGA,IntegrationSingleObjective,BasicBlockCoverage
17,xwiki,XWIKI-13708,8.2.1,becnhmark/applications/XWIKI-bins/XWIKI-8.2.1,xwiki,becnhmark/crashes/XWIKI/XWIKI-13708/XWIKI-13708.log,yes,8.3-rc-1,1,,,0,0,300,50,,,,,,JarFiles/GGA-tests/XWIKI-13708,Single_Objective_GGA,IntegrationSingleObjective,BasicBlockCoverage
18,xwiki,XWIKI-13708,8.2.1,becnhmark/applications/XWIKI-bins/XWIKI-8.2.1,xwiki,becnhmark/crashes/XWIKI/XWIKI-13708/XWIKI-13708.log,yes,8.3-rc-1,1,,,0,0,300,50,,,,,,JarFiles/GGA-tests/XWIKI-13708,Single_Objective_GGA,IntegrationSingleObjective,BasicBlockCoverage
19,xwiki,XWIKI-13708,8.2.1,becnhmark/applications/XWIKI-bins/XWIKI-8.2.1,xwiki,becnhmark/crashes/XWIKI/XWIKI-13708/XWIKI-13708.log,yes,8.3-rc-1,1,,,0,0,300,50,,,,,,JarFiles/GGA-tests/XWIKI-13708,Single_Objective_GGA,IntegrationSingleObjective,BasicBlockCoverage
20,xwiki,XWIKI-13708,8.2.1,becnhmark/applications/XWIKI-bins/XWIKI-8.2.1,xwiki,becnhmark/crashes/XWIKI/XWIKI-13708/XWIKI-13708.log,yes,8.3-rc-1,1,,,0,0,300,50,,,,,,JarFiles/GGA-tests/XWIKI-13708,Single_Objective_GGA,IntegrationSingleObjective,BasicBlockCoverage
21,xwiki,XWIKI-13708,8.2.1,becnhmark/applications/XWIKI-bins/XWIKI-8.2.1,xwiki,becnhmark/crashes/XWIKI/XWIKI-13708/XWIKI-13708.log,yes,8.3-rc-1,1,,,0,0,300,50,,,,,,JarFiles/GGA-tests/XWIKI-13708,Single_Objective_GGA,IntegrationSingleObjective,BasicBlockCoverage
22,xwiki,XWIKI-13708,8.2.1,becnhmark/applications/XWIKI-bins/XWIKI-8.2.1,xwiki,becnhmark/crashes/XWIKI/XWIKI-13708/XWIKI-13708.log,yes,8.3-rc-1,1,,,0,0,300,50,,,,,,JarFiles/GGA-tests/XWIKI-13708,Single_Objective_GGA,IntegrationSingleObjective,BasicBlockCoverage
23,xwiki,XWIKI-13708,8.2.1,becnhmark/applications/XWIKI-bins/XWIKI-8.2.1,xwiki,becnhmark/crashes/XWIKI/XWIKI-13708/XWIKI-13708.log,yes,8.3-rc-1,1,,,0,0,300,50,,,,,,JarFiles/GGA-tests/XWIKI-13708,Single_Objective_GGA,IntegrationSingleObjective,BasicBlockCoverage
24,xwiki,XWIKI-13708,8.2.1,becnhmark/applications/XWIKI-bins/XWIKI-8.2.1,xwiki,becnhmark/crashes/XWIKI/XWIKI-13708/XWIKI-13708.log,yes,8.3-rc-1,1,,,0,0,300,50,,,,,,JarFiles/GGA-tests/XWIKI-13708,Single_Objective_GGA,IntegrationSingleObjective,BasicBlockCoverage
25,xwiki,XWIKI-13708,8.2.1,becnhmark/applications/XWIKI-bins/XWIKI-8.2.1,xwiki,becnhmark/crashes/XWIKI/XWIKI-13708/XWIKI-13708.log,yes,8.3-rc-1,1,,,0,0,300,50,,,,,,JarFiles/GGA-tests/XWIKI-13708,Single_Objective_GGA,IntegrationSingleObjective,BasicBlockCoverage
26,xwiki,XWIKI-13708,8.2.1,becnhmark/applications/XWIKI-bins/XWIKI-8.2.1,xwiki,becnhmark/crashes/XWIKI/XWIKI-13708/XWIKI-13708.log,yes,8.3-rc-1,1,,,0,0,300,50,,,,,,JarFiles/GGA-tests/XWIKI-13708,Single_Objective_GGA,IntegrationSingleObjective,BasicBlockCoverage
27,xwiki,XWIKI-13708,8.2.1,becnhmark/applications/XWIKI-bins/XWIKI-8.2.1,xwiki,becnhmark/crashes/XWIKI/XWIKI-13708/XWIKI-13708.log,yes,8.3-rc-1,1,,,0,0,300,50,,,,,,JarFiles/GGA-tests/XWIKI-13708,Single_Objective_GGA,IntegrationSingleObjective,BasicBlockCoverage
28,xwiki,XWIKI-13708,8.2.1,becnhmark/applications/XWIKI-bins/XWIKI-8.2.1,xwiki,becnhmark/crashes/XWIKI/XWIKI-13708/XWIKI-13708.log,yes,8.3-rc-1,1,,,0,0,300,50,,,,,,JarFiles/GGA-tests/XWIKI-13708,Single_Objective_GGA,IntegrationSingleObjective,BasicBlockCoverage
29,xwiki,XWIKI-13708,8.2.1,becnhmark/applications/XWIKI-bins/XWIKI-8.2.1,xwiki,becnhmark/crashes/XWIKI/XWIKI-13708/XWIKI-13708.log,yes,8.3-rc-1,1,,,0,0,300,50,,,,,,JarFiles/GGA-tests/XWIKI-13708,Single_Objective_GGA,IntegrationSingleObjective,BasicBlockCoverage
30,xwiki,XWIKI-13708,8.2.1,becnhmark/applications/XWIKI-bins/XWIKI-8.2.1,xwiki,becnhmark/crashes/XWIKI/XWIKI-13708/XWIKI-13708.log,yes,8.3-rc-1,1,,,0,0,300,50,,,,,,JarFiles/GGA-tests/XWIKI-13708,Single_Objective_GGA,IntegrationSingleObjective,BasicBlockCoverage
1,math,MATH-31b,31b,becnhmark/applications/MATH-bins/MATH-31b,math3,becnhmark/crashes/MATH/MATH-31b/MATH-31b.log,yes,31f,8,,,0,0,300,50,,,,,,JarFiles/GGA-tests/MATH-31b,Single_Objective_GGA,IntegrationSingleObjective,BasicBlockCoverage
2,math,MATH-31b,31b,becnhmark/applications/MATH-bins/MATH-31b,math3,becnhmark/crashes/MATH/MATH-31b/MATH-31b.log,yes,31f,8,,,0,0,300,50,,,,,,JarFiles/GGA-tests/MATH-31b,Single_Objective_GGA,IntegrationSingleObjective,BasicBlockCoverage
3,math,MATH-31b,31b,becnhmark/applications/MATH-bins/MATH-31b,math3,becnhmark/crashes/MATH/MATH-31b/MATH-31b.log,yes,31f,8,,,0,0,300,50,,,,,,JarFiles/GGA-tests/MATH-31b,Single_Objective_GGA,IntegrationSingleObjective,BasicBlockCoverage
4,math,MATH-31b,31b,becnhmark/applications/MATH-bins/MATH-31b,math3,becnhmark/crashes/MATH/MATH-31b/MATH-31b.log,yes,31f,8,,,0,0,300,50,,,,,,JarFiles/GGA-tests/MATH-31b,Single_Objective_GGA,IntegrationSingleObjective,BasicBlockCoverage
5,math,MATH-31b,31b,becnhmark/applications/MATH-bins/MATH-31b,math3,becnhmark/crashes/MATH/MATH-31b/MATH-31b.log,yes,31f,8,,,0,0,300,50,,,,,,JarFiles/GGA-tests/MATH-31b,Single_Objective_GGA,IntegrationSingleObjective,BasicBlockCoverage
6,math,MATH-31b,31b,becnhmark/applications/MATH-bins/MATH-31b,math3,becnhmark/crashes/MATH/MATH-31b/MATH-31b.log,yes,31f,8,,,0,0,300,50,,,,,,JarFiles/GGA-tests/MATH-31b,Single_Objective_GGA,IntegrationSingleObjective,BasicBlockCoverage
7,math,MATH-31b,31b,becnhmark/applications/MATH-bins/MATH-31b,math3,becnhmark/crashes/MATH/MATH-31b/MATH-31b.log,yes,31f,8,,,0,0,300,50,,,,,,JarFiles/GGA-tests/MATH-31b,Single_Objective_GGA,IntegrationSingleObjective,BasicBlockCoverage
8,math,MATH-31b,31b,becnhmark/applications/MATH-bins/MATH-31b,math3,becnhmark/crashes/MATH/MATH-31b/MATH-31b.log,yes,31f,8,,,0,0,300,50,,,,,,JarFiles/GGA-tests/MATH-31b,Single_Objective_GGA,IntegrationSingleObjective,BasicBlockCoverage
9,math,MATH-31b,31b,becnhmark/applications/MATH-bins/MATH-31b,math3,becnhmark/crashes/MATH/MATH-31b/MATH-31b.log,yes,31f,8,,,0,0,300,50,,,,,,JarFiles/GGA-tests/MATH-31b,Single_Objective_GGA,IntegrationSingleObjective,BasicBlockCoverage
10,math,MATH-31b,31b,becnhmark/applications/MATH-bins/MATH-31b,math3,becnhmark/crashes/MATH/MATH-31b/MATH-31b.log,yes,31f,8,,,0,0,300,50,,,,,,JarFiles/GGA-tests/MATH-31b,Single_Objective_GGA,IntegrationSingleObjective,BasicBlockCoverage
11,math,MATH-31b,31b,becnhmark/applications/MATH-bins/MATH-31b,math3,becnhmark/crashes/MATH/MATH-31b/MATH-31b.log,yes,31f,8,,,0,0,300,50,,,,,,JarFiles/GGA-tests/MATH-31b,Single_Objective_GGA,IntegrationSingleObjective,BasicBlockCoverage
12,math,MATH-31b,31b,becnhmark/applications/MATH-bins/MATH-31b,math3,becnhmark/crashes/MATH/MATH-31b/MATH-31b.log,yes,31f,8,,,0,0,300,50,,,,,,JarFiles/GGA-tests/MATH-31b,Single_Objective_GGA,IntegrationSingleObjective,BasicBlockCoverage
13,math,MATH-31b,31b,becnhmark/applications/MATH-bins/MATH-31b,math3,becnhmark/crashes/MATH/MATH-31b/MATH-31b.log,yes,31f,8,,,0,0,300,50,,,,,,JarFiles/GGA-tests/MATH-31b,Single_Objective_GGA,IntegrationSingleObjective,BasicBlockCoverage
14,math,MATH-31b,31b,becnhmark/applications/MATH-bins/MATH-31b,math3,becnhmark/crashes/MATH/MATH-31b/MATH-31b.log,yes,31f,8,,,0,0,300,50,,,,,,JarFiles/GGA-tests/MATH-31b,Single_Objective_GGA,IntegrationSingleObjective,BasicBlockCoverage
15,math,MATH-31b,31b,becnhmark/applications/MATH-bins/MATH-31b,math3,becnhmark/crashes/MATH/MATH-31b/MATH-31b.log,yes,31f,8,,,0,0,300,50,,,,,,JarFiles/GGA-tests/MATH-31b,Single_Objective_GGA,IntegrationSingleObjective,BasicBlockCoverage
16,math,MATH-31b,31b,becnhmark/applications/MATH-bins/MATH-31b,math3,becnhmark/crashes/MATH/MATH-31b/MATH-31b.log,yes,31f,8,,,0,0,300,50,,,,,,JarFiles/GGA-tests/MATH-31b,Single_Objective_GGA,IntegrationSingleObjective,BasicBlockCoverage
17,math,MATH-31b,31b,becnhmark/applications/MATH-bins/MATH-31b,math3,becnhmark/crashes/MATH/MATH-31b/MATH-31b.log,yes,31f,8,,,0,0,300,50,,,,,,JarFiles/GGA-tests/MATH-31b,Single_Objective_GGA,IntegrationSingleObjective,BasicBlockCoverage
18,math,MATH-31b,31b,becnhmark/applications/MATH-bins/MATH-31b,math3,becnhmark/crashes/MATH/MATH-31b/MATH-31b.log,yes,31f,8,,,0,0,300,50,,,,,,JarFiles/GGA-tests/MATH-31b,Single_Objective_GGA,IntegrationSingleObjective,BasicBlockCoverage
19,math,MATH-31b,31b,becnhmark/applications/MATH-bins/MATH-31b,math3,becnhmark/crashes/MATH/MATH-31b/MATH-31b.log,yes,31f,8,,,0,0,300,50,,,,,,JarFiles/GGA-tests/MATH-31b,Single_Objective_GGA,IntegrationSingleObjective,BasicBlockCoverage
20,math,MATH-31b,31b,becnhmark/applications/MATH-bins/MATH-31b,math3,becnhmark/crashes/MATH/MATH-31b/MATH-31b.log,yes,31f,8,,,0,0,300,50,,,,,,JarFiles/GGA-tests/MATH-31b,Single_Objective_GGA,IntegrationSingleObjective,BasicBlockCoverage
21,math,MATH-31b,31b,becnhmark/applications/MATH-bins/MATH-31b,math3,becnhmark/crashes/MATH/MATH-31b/MATH-31b.log,yes,31f,8,,,0,0,300,50,,,,,,JarFiles/GGA-tests/MATH-31b,Single_Objective_GGA,IntegrationSingleObjective,BasicBlockCoverage
22,math,MATH-31b,31b,becnhmark/applications/MATH-bins/MATH-31b,math3,becnhmark/crashes/MATH/MATH-31b/MATH-31b.log,yes,31f,8,,,0,0,300,50,,,,,,JarFiles/GGA-tests/MATH-31b,Single_Objective_GGA,IntegrationSingleObjective,BasicBlockCoverage
23,math,MATH-31b,31b,becnhmark/applications/MATH-bins/MATH-31b,math3,becnhmark/crashes/MATH/MATH-31b/MATH-31b.log,yes,31f,8,,,0,0,300,50,,,,,,JarFiles/GGA-tests/MATH-31b,Single_Objective_GGA,IntegrationSingleObjective,BasicBlockCoverage
24,math,MATH-31b,31b,becnhmark/applications/MATH-bins/MATH-31b,math3,becnhmark/crashes/MATH/MATH-31b/MATH-31b.log,yes,31f,8,,,0,0,300,50,,,,,,JarFiles/GGA-tests/MATH-31b,Single_Objective_GGA,IntegrationSingleObjective,BasicBlockCoverage
25,math,MATH-31b,31b,becnhmark/applications/MATH-bins/MATH-31b,math3,becnhmark/crashes/MATH/MATH-31b/MATH-31b.log,yes,31f,8,,,0,0,300,50,,,,,,JarFiles/GGA-tests/MATH-31b,Single_Objective_GGA,IntegrationSingleObjective,BasicBlockCoverage
26,math,MATH-31b,31b,becnhmark/applications/MATH-bins/MATH-31b,math3,becnhmark/crashes/MATH/MATH-31b/MATH-31b.log,yes,31f,8,,,0,0,300,50,,,,,,JarFiles/GGA-tests/MATH-31b,Single_Objective_GGA,IntegrationSingleObjective,BasicBlockCoverage
27,math,MATH-31b,31b,becnhmark/applications/MATH-bins/MATH-31b,math3,becnhmark/crashes/MATH/MATH-31b/MATH-31b.log,yes,31f,8,,,0,0,300,50,,,,,,JarFiles/GGA-tests/MATH-31b,Single_Objective_GGA,IntegrationSingleObjective,BasicBlockCoverage
28,math,MATH-31b,31b,becnhmark/applications/MATH-bins/MATH-31b,math3,becnhmark/crashes/MATH/MATH-31b/MATH-31b.log,yes,31f,8,,,0,0,300,50,,,,,,JarFiles/GGA-tests/MATH-31b,Single_Objective_GGA,IntegrationSingleObjective,BasicBlockCoverage
29,math,MATH-31b,31b,becnhmark/applications/MATH-bins/MATH-31b,math3,becnhmark/crashes/MATH/MATH-31b/MATH-31b.log,yes,31f,8,,,0,0,300,50,,,,,,JarFiles/GGA-tests/MATH-31b,Single_Objective_GGA,IntegrationSingleObjective,BasicBlockCoverage
30,math,MATH-31b,31b,becnhmark/applications/MATH-bins/MATH-31b,math3,becnhmark/crashes/MATH/MATH-31b/MATH-31b.log,yes,31f,8,,,0,0,300,50,,,,,,JarFiles/GGA-tests/MATH-31b,Single_Objective_GGA,IntegrationSingleObjective,BasicBlockCoverage
1,xwiki,XWIKI-14599,9.6,becnhmark/applications/XWIKI-bins/XWIKI-9.6,xwiki,becnhmark/crashes/XWIKI/XWIKI-14599/XWIKI-14599.log,yes,9.8-rc-1,,,,0,0,300,50,,,,,,JarFiles/GGA-tests/XWIKI-14599,Single_Objective_GGA,IntegrationSingleObjective,BasicBlockCoverage
2,xwiki,XWIKI-14599,9.6,becnhmark/applications/XWIKI-bins/XWIKI-9.6,xwiki,becnhmark/crashes/XWIKI/XWIKI-14599/XWIKI-14599.log,yes,9.8-rc-1,,,,0,0,300,50,,,,,,JarFiles/GGA-tests/XWIKI-14599,Single_Objective_GGA,IntegrationSingleObjective,BasicBlockCoverage
3,xwiki,XWIKI-14599,9.6,becnhmark/applications/XWIKI-bins/XWIKI-9.6,xwiki,becnhmark/crashes/XWIKI/XWIKI-14599/XWIKI-14599.log,yes,9.8-rc-1,,,,0,0,300,50,,,,,,JarFiles/GGA-tests/XWIKI-14599,Single_Objective_GGA,IntegrationSingleObjective,BasicBlockCoverage
4,xwiki,XWIKI-14599,9.6,becnhmark/applications/XWIKI-bins/XWIKI-9.6,xwiki,becnhmark/crashes/XWIKI/XWIKI-14599/XWIKI-14599.log,yes,9.8-rc-1,,,,0,0,300,50,,,,,,JarFiles/GGA-tests/XWIKI-14599,Single_Objective_GGA,IntegrationSingleObjective,BasicBlockCoverage
5,xwiki,XWIKI-14599,9.6,becnhmark/applications/XWIKI-bins/XWIKI-9.6,xwiki,becnhmark/crashes/XWIKI/XWIKI-14599/XWIKI-14599.log,yes,9.8-rc-1,,,,0,0,300,50,,,,,,JarFiles/GGA-tests/XWIKI-14599,Single_Objective_GGA,IntegrationSingleObjective,BasicBlockCoverage
6,xwiki,XWIKI-14599,9.6,becnhmark/applications/XWIKI-bins/XWIKI-9.6,xwiki,becnhmark/crashes/XWIKI/XWIKI-14599/XWIKI-14599.log,yes,9.8-rc-1,,,,0,0,300,50,,,,,,JarFiles/GGA-tests/XWIKI-14599,Single_Objective_GGA,IntegrationSingleObjective,BasicBlockCoverage
7,xwiki,XWIKI-14599,9.6,becnhmark/applications/XWIKI-bins/XWIKI-9.6,xwiki,becnhmark/crashes/XWIKI/XWIKI-14599/XWIKI-14599.log,yes,9.8-rc-1,,,,0,0,300,50,,,,,,JarFiles/GGA-tests/XWIKI-14599,Single_Objective_GGA,IntegrationSingleObjective,BasicBlockCoverage
8,xwiki,XWIKI-14599,9.6,becnhmark/applications/XWIKI-bins/XWIKI-9.6,xwiki,becnhmark/crashes/XWIKI/XWIKI-14599/XWIKI-14599.log,yes,9.8-rc-1,,,,0,0,300,50,,,,,,JarFiles/GGA-tests/XWIKI-14599,Single_Objective_GGA,IntegrationSingleObjective,BasicBlockCoverage
9,xwiki,XWIKI-14599,9.6,becnhmark/applications/XWIKI-bins/XWIKI-9.6,xwiki,becnhmark/crashes/XWIKI/XWIKI-14599/XWIKI-14599.log,yes,9.8-rc-1,,,,0,0,300,50,,,,,,JarFiles/GGA-tests/XWIKI-14599,Single_Objective_GGA,IntegrationSingleObjective,BasicBlockCoverage
10,xwiki,XWIKI-14599,9.6,becnhmark/applications/XWIKI-bins/XWIKI-9.6,xwiki,becnhmark/crashes/XWIKI/XWIKI-14599/XWIKI-14599.log,yes,9.8-rc-1,,,,0,0,300,50,,,,,,JarFiles/GGA-tests/XWIKI-14599,Single_Objective_GGA,IntegrationSingleObjective,BasicBlockCoverage
11,xwiki,XWIKI-14599,9.6,becnhmark/applications/XWIKI-bins/XWIKI-9.6,xwiki,becnhmark/crashes/XWIKI/XWIKI-14599/XWIKI-14599.log,yes,9.8-rc-1,,,,0,0,300,50,,,,,,JarFiles/GGA-tests/XWIKI-14599,Single_Objective_GGA,IntegrationSingleObjective,BasicBlockCoverage
12,xwiki,XWIKI-14599,9.6,becnhmark/applications/XWIKI-bins/XWIKI-9.6,xwiki,becnhmark/crashes/XWIKI/XWIKI-14599/XWIKI-14599.log,yes,9.8-rc-1,,,,0,0,300,50,,,,,,JarFiles/GGA-tests/XWIKI-14599,Single_Objective_GGA,IntegrationSingleObjective,BasicBlockCoverage
13,xwiki,XWIKI-14599,9.6,becnhmark/applications/XWIKI-bins/XWIKI-9.6,xwiki,becnhmark/crashes/XWIKI/XWIKI-14599/XWIKI-14599.log,yes,9.8-rc-1,,,,0,0,300,50,,,,,,JarFiles/GGA-tests/XWIKI-14599,Single_Objective_GGA,IntegrationSingleObjective,BasicBlockCoverage
14,xwiki,XWIKI-14599,9.6,becnhmark/applications/XWIKI-bins/XWIKI-9.6,xwiki,becnhmark/crashes/XWIKI/XWIKI-14599/XWIKI-14599.log,yes,9.8-rc-1,,,,0,0,300,50,,,,,,JarFiles/GGA-tests/XWIKI-14599,Single_Objective_GGA,IntegrationSingleObjective,BasicBlockCoverage
15,xwiki,XWIKI-14599,9.6,becnhmark/applications/XWIKI-bins/XWIKI-9.6,xwiki,becnhmark/crashes/XWIKI/XWIKI-14599/XWIKI-14599.log,yes,9.8-rc-1,,,,0,0,300,50,,,,,,JarFiles/GGA-tests/XWIKI-14599,Single_Objective_GGA,IntegrationSingleObjective,BasicBlockCoverage
16,xwiki,XWIKI-14599,9.6,becnhmark/applications/XWIKI-bins/XWIKI-9.6,xwiki,becnhmark/crashes/XWIKI/XWIKI-14599/XWIKI-14599.log,yes,9.8-rc-1,,,,0,0,300,50,,,,,,JarFiles/GGA-tests/XWIKI-14599,Single_Objective_GGA,IntegrationSingleObjective,BasicBlockCoverage
17,xwiki,XWIKI-14599,9.6,becnhmark/applications/XWIKI-bins/XWIKI-9.6,xwiki,becnhmark/crashes/XWIKI/XWIKI-14599/XWIKI-14599.log,yes,9.8-rc-1,,,,0,0,300,50,,,,,,JarFiles/GGA-tests/XWIKI-14599,Single_Objective_GGA,IntegrationSingleObjective,BasicBlockCoverage
18,xwiki,XWIKI-14599,9.6,becnhmark/applications/XWIKI-bins/XWIKI-9.6,xwiki,becnhmark/crashes/XWIKI/XWIKI-14599/XWIKI-14599.log,yes,9.8-rc-1,,,,0,0,300,50,,,,,,JarFiles/GGA-tests/XWIKI-14599,Single_Objective_GGA,IntegrationSingleObjective,BasicBlockCoverage
19,xwiki,XWIKI-14599,9.6,becnhmark/applications/XWIKI-bins/XWIKI-9.6,xwiki,becnhmark/crashes/XWIKI/XWIKI-14599/XWIKI-14599.log,yes,9.8-rc-1,,,,0,0,300,50,,,,,,JarFiles/GGA-tests/XWIKI-14599,Single_Objective_GGA,IntegrationSingleObjective,BasicBlockCoverage
20,xwiki,XWIKI-14599,9.6,becnhmark/applications/XWIKI-bins/XWIKI-9.6,xwiki,becnhmark/crashes/XWIKI/XWIKI-14599/XWIKI-14599.log,yes,9.8-rc-1,,,,0,0,300,50,,,,,,JarFiles/GGA-tests/XWIKI-14599,Single_Objective_GGA,IntegrationSingleObjective,BasicBlockCoverage
21,xwiki,XWIKI-14599,9.6,becnhmark/applications/XWIKI-bins/XWIKI-9.6,xwiki,becnhmark/crashes/XWIKI/XWIKI-14599/XWIKI-14599.log,yes,9.8-rc-1,,,,0,0,300,50,,,,,,JarFiles/GGA-tests/XWIKI-14599,Single_Objective_GGA,IntegrationSingleObjective,BasicBlockCoverage
22,xwiki,XWIKI-14599,9.6,becnhmark/applications/XWIKI-bins/XWIKI-9.6,xwiki,becnhmark/crashes/XWIKI/XWIKI-14599/XWIKI-14599.log,yes,9.8-rc-1,,,,0,0,300,50,,,,,,JarFiles/GGA-tests/XWIKI-14599,Single_Objective_GGA,IntegrationSingleObjective,BasicBlockCoverage
23,xwiki,XWIKI-14599,9.6,becnhmark/applications/XWIKI-bins/XWIKI-9.6,xwiki,becnhmark/crashes/XWIKI/XWIKI-14599/XWIKI-14599.log,yes,9.8-rc-1,,,,0,0,300,50,,,,,,JarFiles/GGA-tests/XWIKI-14599,Single_Objective_GGA,IntegrationSingleObjective,BasicBlockCoverage
24,xwiki,XWIKI-14599,9.6,becnhmark/applications/XWIKI-bins/XWIKI-9.6,xwiki,becnhmark/crashes/XWIKI/XWIKI-14599/XWIKI-14599.log,yes,9.8-rc-1,,,,0,0,300,50,,,,,,JarFiles/GGA-tests/XWIKI-14599,Single_Objective_GGA,IntegrationSingleObjective,BasicBlockCoverage
25,xwiki,XWIKI-14599,9.6,becnhmark/applications/XWIKI-bins/XWIKI-9.6,xwiki,becnhmark/crashes/XWIKI/XWIKI-14599/XWIKI-14599.log,yes,9.8-rc-1,,,,0,0,300,50,,,,,,JarFiles/GGA-tests/XWIKI-14599,Single_Objective_GGA,IntegrationSingleObjective,BasicBlockCoverage
26,xwiki,XWIKI-14599,9.6,becnhmark/applications/XWIKI-bins/XWIKI-9.6,xwiki,becnhmark/crashes/XWIKI/XWIKI-14599/XWIKI-14599.log,yes,9.8-rc-1,,,,0,0,300,50,,,,,,JarFiles/GGA-tests/XWIKI-14599,Single_Objective_GGA,IntegrationSingleObjective,BasicBlockCoverage
27,xwiki,XWIKI-14599,9.6,becnhmark/applications/XWIKI-bins/XWIKI-9.6,xwiki,becnhmark/crashes/XWIKI/XWIKI-14599/XWIKI-14599.log,yes,9.8-rc-1,,,,0,0,300,50,,,,,,JarFiles/GGA-tests/XWIKI-14599,Single_Objective_GGA,IntegrationSingleObjective,BasicBlockCoverage
28,xwiki,XWIKI-14599,9.6,becnhmark/applications/XWIKI-bins/XWIKI-9.6,xwiki,becnhmark/crashes/XWIKI/XWIKI-14599/XWIKI-14599.log,yes,9.8-rc-1,,,,0,0,300,50,,,,,,JarFiles/GGA-tests/XWIKI-14599,Single_Objective_GGA,IntegrationSingleObjective,BasicBlockCoverage
29,xwiki,XWIKI-14599,9.6,becnhmark/applications/XWIKI-bins/XWIKI-9.6,xwiki,becnhmark/crashes/XWIKI/XWIKI-14599/XWIKI-14599.log,yes,9.8-rc-1,,,,0,0,300,50,,,,,,JarFiles/GGA-tests/XWIKI-14599,Single_Objective_GGA,IntegrationSingleObjective,BasicBlockCoverage
30,xwiki,XWIKI-14599,9.6,becnhmark/applications/XWIKI-bins/XWIKI-9.6,xwiki,becnhmark/crashes/XWIKI/XWIKI-14599/XWIKI-14599.log,yes,9.8-rc-1,,,,0,0,300,50,,,,,,JarFiles/GGA-tests/XWIKI-14599,Single_Objective_GGA,IntegrationSingleObjective,BasicBlockCoverage
1,xwiki,XWIKI-12919,7.4-milestone-2,becnhmark/applications/XWIKI-bins/XWIKI-7.4-milestone-2,xwiki,becnhmark/crashes/XWIKI/XWIKI-12919/XWIKI-12919.log,yes,7.4-rc-1,,,,0,0,300,50,,,,,,JarFiles/GGA-tests/XWIKI-12919,Single_Objective_GGA,IntegrationSingleObjective,BasicBlockCoverage
2,xwiki,XWIKI-12919,7.4-milestone-2,becnhmark/applications/XWIKI-bins/XWIKI-7.4-milestone-2,xwiki,becnhmark/crashes/XWIKI/XWIKI-12919/XWIKI-12919.log,yes,7.4-rc-1,,,,0,0,300,50,,,,,,JarFiles/GGA-tests/XWIKI-12919,Single_Objective_GGA,IntegrationSingleObjective,BasicBlockCoverage
3,xwiki,XWIKI-12919,7.4-milestone-2,becnhmark/applications/XWIKI-bins/XWIKI-7.4-milestone-2,xwiki,becnhmark/crashes/XWIKI/XWIKI-12919/XWIKI-12919.log,yes,7.4-rc-1,,,,0,0,300,50,,,,,,JarFiles/GGA-tests/XWIKI-12919,Single_Objective_GGA,IntegrationSingleObjective,BasicBlockCoverage
4,xwiki,XWIKI-12919,7.4-milestone-2,becnhmark/applications/XWIKI-bins/XWIKI-7.4-milestone-2,xwiki,becnhmark/crashes/XWIKI/XWIKI-12919/XWIKI-12919.log,yes,7.4-rc-1,,,,0,0,300,50,,,,,,JarFiles/GGA-tests/XWIKI-12919,Single_Objective_GGA,IntegrationSingleObjective,BasicBlockCoverage
5,xwiki,XWIKI-12919,7.4-milestone-2,becnhmark/applications/XWIKI-bins/XWIKI-7.4-milestone-2,xwiki,becnhmark/crashes/XWIKI/XWIKI-12919/XWIKI-12919.log,yes,7.4-rc-1,,,,0,0,300,50,,,,,,JarFiles/GGA-tests/XWIKI-12919,Single_Objective_GGA,IntegrationSingleObjective,BasicBlockCoverage
6,xwiki,XWIKI-12919,7.4-milestone-2,becnhmark/applications/XWIKI-bins/XWIKI-7.4-milestone-2,xwiki,becnhmark/crashes/XWIKI/XWIKI-12919/XWIKI-12919.log,yes,7.4-rc-1,,,,0,0,300,50,,,,,,JarFiles/GGA-tests/XWIKI-12919,Single_Objective_GGA,IntegrationSingleObjective,BasicBlockCoverage
7,xwiki,XWIKI-12919,7.4-milestone-2,becnhmark/applications/XWIKI-bins/XWIKI-7.4-milestone-2,xwiki,becnhmark/crashes/XWIKI/XWIKI-12919/XWIKI-12919.log,yes,7.4-rc-1,,,,0,0,300,50,,,,,,JarFiles/GGA-tests/XWIKI-12919,Single_Objective_GGA,IntegrationSingleObjective,BasicBlockCoverage
8,xwiki,XWIKI-12919,7.4-milestone-2,becnhmark/applications/XWIKI-bins/XWIKI-7.4-milestone-2,xwiki,becnhmark/crashes/XWIKI/XWIKI-12919/XWIKI-12919.log,yes,7.4-rc-1,,,,0,0,300,50,,,,,,JarFiles/GGA-tests/XWIKI-12919,Single_Objective_GGA,IntegrationSingleObjective,BasicBlockCoverage
9,xwiki,XWIKI-12919,7.4-milestone-2,becnhmark/applications/XWIKI-bins/XWIKI-7.4-milestone-2,xwiki,becnhmark/crashes/XWIKI/XWIKI-12919/XWIKI-12919.log,yes,7.4-rc-1,,,,0,0,300,50,,,,,,JarFiles/GGA-tests/XWIKI-12919,Single_Objective_GGA,IntegrationSingleObjective,BasicBlockCoverage
10,xwiki,XWIKI-12919,7.4-milestone-2,becnhmark/applications/XWIKI-bins/XWIKI-7.4-milestone-2,xwiki,becnhmark/crashes/XWIKI/XWIKI-12919/XWIKI-12919.log,yes,7.4-rc-1,,,,0,0,300,50,,,,,,JarFiles/GGA-tests/XWIKI-12919,Single_Objective_GGA,IntegrationSingleObjective,BasicBlockCoverage
11,xwiki,XWIKI-12919,7.4-milestone-2,becnhmark/applications/XWIKI-bins/XWIKI-7.4-milestone-2,xwiki,becnhmark/crashes/XWIKI/XWIKI-12919/XWIKI-12919.log,yes,7.4-rc-1,,,,0,0,300,50,,,,,,JarFiles/GGA-tests/XWIKI-12919,Single_Objective_GGA,IntegrationSingleObjective,BasicBlockCoverage
12,xwiki,XWIKI-12919,7.4-milestone-2,becnhmark/applications/XWIKI-bins/XWIKI-7.4-milestone-2,xwiki,becnhmark/crashes/XWIKI/XWIKI-12919/XWIKI-12919.log,yes,7.4-rc-1,,,,0,0,300,50,,,,,,JarFiles/GGA-tests/XWIKI-12919,Single_Objective_GGA,IntegrationSingleObjective,BasicBlockCoverage
13,xwiki,XWIKI-12919,7.4-milestone-2,becnhmark/applications/XWIKI-bins/XWIKI-7.4-milestone-2,xwiki,becnhmark/crashes/XWIKI/XWIKI-12919/XWIKI-12919.log,yes,7.4-rc-1,,,,0,0,300,50,,,,,,JarFiles/GGA-tests/XWIKI-12919,Single_Objective_GGA,IntegrationSingleObjective,BasicBlockCoverage
14,xwiki,XWIKI-12919,7.4-milestone-2,becnhmark/applications/XWIKI-bins/XWIKI-7.4-milestone-2,xwiki,becnhmark/crashes/XWIKI/XWIKI-12919/XWIKI-12919.log,yes,7.4-rc-1,,,,0,0,300,50,,,,,,JarFiles/GGA-tests/XWIKI-12919,Single_Objective_GGA,IntegrationSingleObjective,BasicBlockCoverage
15,xwiki,XWIKI-12919,7.4-milestone-2,becnhmark/applications/XWIKI-bins/XWIKI-7.4-milestone-2,xwiki,becnhmark/crashes/XWIKI/XWIKI-12919/XWIKI-12919.log,yes,7.4-rc-1,,,,0,0,300,50,,,,,,JarFiles/GGA-tests/XWIKI-12919,Single_Objective_GGA,IntegrationSingleObjective,BasicBlockCoverage
16,xwiki,XWIKI-12919,7.4-milestone-2,becnhmark/applications/XWIKI-bins/XWIKI-7.4-milestone-2,xwiki,becnhmark/crashes/XWIKI/XWIKI-12919/XWIKI-12919.log,yes,7.4-rc-1,,,,0,0,300,50,,,,,,JarFiles/GGA-tests/XWIKI-12919,Single_Objective_GGA,IntegrationSingleObjective,BasicBlockCoverage
17,xwiki,XWIKI-12919,7.4-milestone-2,becnhmark/applications/XWIKI-bins/XWIKI-7.4-milestone-2,xwiki,becnhmark/crashes/XWIKI/XWIKI-12919/XWIKI-12919.log,yes,7.4-rc-1,,,,0,0,300,50,,,,,,JarFiles/GGA-tests/XWIKI-12919,Single_Objective_GGA,IntegrationSingleObjective,BasicBlockCoverage
18,xwiki,XWIKI-12919,7.4-milestone-2,becnhmark/applications/XWIKI-bins/XWIKI-7.4-milestone-2,xwiki,becnhmark/crashes/XWIKI/XWIKI-12919/XWIKI-12919.log,yes,7.4-rc-1,,,,0,0,300,50,,,,,,JarFiles/GGA-tests/XWIKI-12919,Single_Objective_GGA,IntegrationSingleObjective,BasicBlockCoverage
19,xwiki,XWIKI-12919,7.4-milestone-2,becnhmark/applications/XWIKI-bins/XWIKI-7.4-milestone-2,xwiki,becnhmark/crashes/XWIKI/XWIKI-12919/XWIKI-12919.log,yes,7.4-rc-1,,,,0,0,300,50,,,,,,JarFiles/GGA-tests/XWIKI-12919,Single_Objective_GGA,IntegrationSingleObjective,BasicBlockCoverage
20,xwiki,XWIKI-12919,7.4-milestone-2,becnhmark/applications/XWIKI-bins/XWIKI-7.4-milestone-2,xwiki,becnhmark/crashes/XWIKI/XWIKI-12919/XWIKI-12919.log,yes,7.4-rc-1,,,,0,0,300,50,,,,,,JarFiles/GGA-tests/XWIKI-12919,Single_Objective_GGA,IntegrationSingleObjective,BasicBlockCoverage
21,xwiki,XWIKI-12919,7.4-milestone-2,becnhmark/applications/XWIKI-bins/XWIKI-7.4-milestone-2,xwiki,becnhmark/crashes/XWIKI/XWIKI-12919/XWIKI-12919.log,yes,7.4-rc-1,,,,0,0,300,50,,,,,,JarFiles/GGA-tests/XWIKI-12919,Single_Objective_GGA,IntegrationSingleObjective,BasicBlockCoverage
22,xwiki,XWIKI-12919,7.4-milestone-2,becnhmark/applications/XWIKI-bins/XWIKI-7.4-milestone-2,xwiki,becnhmark/crashes/XWIKI/XWIKI-12919/XWIKI-12919.log,yes,7.4-rc-1,,,,0,0,300,50,,,,,,JarFiles/GGA-tests/XWIKI-12919,Single_Objective_GGA,IntegrationSingleObjective,BasicBlockCoverage
23,xwiki,XWIKI-12919,7.4-milestone-2,becnhmark/applications/XWIKI-bins/XWIKI-7.4-milestone-2,xwiki,becnhmark/crashes/XWIKI/XWIKI-12919/XWIKI-12919.log,yes,7.4-rc-1,,,,0,0,300,50,,,,,,JarFiles/GGA-tests/XWIKI-12919,Single_Objective_GGA,IntegrationSingleObjective,BasicBlockCoverage
24,xwiki,XWIKI-12919,7.4-milestone-2,becnhmark/applications/XWIKI-bins/XWIKI-7.4-milestone-2,xwiki,becnhmark/crashes/XWIKI/XWIKI-12919/XWIKI-12919.log,yes,7.4-rc-1,,,,0,0,300,50,,,,,,JarFiles/GGA-tests/XWIKI-12919,Single_Objective_GGA,IntegrationSingleObjective,BasicBlockCoverage
25,xwiki,XWIKI-12919,7.4-milestone-2,becnhmark/applications/XWIKI-bins/XWIKI-7.4-milestone-2,xwiki,becnhmark/crashes/XWIKI/XWIKI-12919/XWIKI-12919.log,yes,7.4-rc-1,,,,0,0,300,50,,,,,,JarFiles/GGA-tests/XWIKI-12919,Single_Objective_GGA,IntegrationSingleObjective,BasicBlockCoverage
26,xwiki,XWIKI-12919,7.4-milestone-2,becnhmark/applications/XWIKI-bins/XWIKI-7.4-milestone-2,xwiki,becnhmark/crashes/XWIKI/XWIKI-12919/XWIKI-12919.log,yes,7.4-rc-1,,,,0,0,300,50,,,,,,JarFiles/GGA-tests/XWIKI-12919,Single_Objective_GGA,IntegrationSingleObjective,BasicBlockCoverage
27,xwiki,XWIKI-12919,7.4-milestone-2,becnhmark/applications/XWIKI-bins/XWIKI-7.4-milestone-2,xwiki,becnhmark/crashes/XWIKI/XWIKI-12919/XWIKI-12919.log,yes,7.4-rc-1,,,,0,0,300,50,,,,,,JarFiles/GGA-tests/XWIKI-12919,Single_Objective_GGA,IntegrationSingleObjective,BasicBlockCoverage
28,xwiki,XWIKI-12919,7.4-milestone-2,becnhmark/applications/XWIKI-bins/XWIKI-7.4-milestone-2,xwiki,becnhmark/crashes/XWIKI/XWIKI-12919/XWIKI-12919.log,yes,7.4-rc-1,,,,0,0,300,50,,,,,,JarFiles/GGA-tests/XWIKI-12919,Single_Objective_GGA,IntegrationSingleObjective,BasicBlockCoverage
29,xwiki,XWIKI-12919,7.4-milestone-2,becnhmark/applications/XWIKI-bins/XWIKI-7.4-milestone-2,xwiki,becnhmark/crashes/XWIKI/XWIKI-12919/XWIKI-12919.log,yes,7.4-rc-1,,,,0,0,300,50,,,,,,JarFiles/GGA-tests/XWIKI-12919,Single_Objective_GGA,IntegrationSingleObjective,BasicBlockCoverage
30,xwiki,XWIKI-12919,7.4-milestone-2,becnhmark/applications/XWIKI-bins/XWIKI-7.4-milestone-2,xwiki,becnhmark/crashes/XWIKI/XWIKI-12919/XWIKI-12919.log,yes,7.4-rc-1,,,,0,0,300,50,,,,,,JarFiles/GGA-tests/XWIKI-12919,Single_Objective_GGA,IntegrationSingleObjective,BasicBlockCoverage
